name,lat,lon,instagram_handle,tags,type,time_category,energy_ramp,price,duration,cover,city,slug,description,contact,hours,address,vibe
Mali Restaurant,33.787408,-84.355544,malirestaurant,"[""thai"", ""sushi"", ""sashimi"", ""curries"", ""noodles"", ""seafood"", ""tempura"", ""nigiri"", ""padthai"", ""cocktails""]","[""lunch"", ""dinner""]","[""midday"", ""evening""]",1,$$,1,img/venues/mali-restaurant-atl.jpg,atl,mali-restaurant-atl,,"[""https://www.instagram.com/malirestaurant/?hl=en""]","{""Sun"": {""open1"": ""5:00 pm"", ""close1"": ""9:30 pm""}, ""Mon"": {""open1"": ""11:30 am"", ""close1"": ""2:30 pm"", ""open2"": ""5:30 pm"", ""close2"": ""9:30 pm""}, ""Tue"": {""open1"": ""11:30 am"", ""close1"": ""2:30 pm"", ""open2"": ""5:30 pm"", ""close2"": ""9:30 pm""}, ""Wed"": {""open1"": ""11:30 am"", ""close1"": ""2:30 pm"", ""open2"": ""5:30 pm"", ""close2"": ""9:30 pm""}, ""Thu"": {""open1"": ""11:30 am"", ""close1"": ""2:30 pm"", ""open2"": ""5:30 pm"", ""close2"": ""9:30 pm""}, ""Fri"": {""open1"": ""11:30 am"", ""close1"": ""2:30 pm"", ""open2"": ""5:30 pm"", ""close2"": ""10:00 pm""}, ""Sat"": {""open1"": ""5:00 pm"", ""close1"": ""10:00 pm""}}","961 Amsterdam Ave NE, Atlanta, GA 30306","[""romantic"", ""relaxed"", ""verdant"", ""welcoming"", ""intimate"", ""established""]"
Aviator Coffee Company | Downtown,33.764783,-84.3899871,aviatorcoffeecompany,"[""espresso"", ""lattes"", ""cappuccino"", ""americanos"", ""chai"", ""baristas"", ""catering"", ""events"", ""mobile"", ""beverages""]","[""coffee""]","[""morning"", ""midday""]",1,$,1,img/venues/aviator-coffee-company-downtown-atl.jpg,atl,aviator-coffee-company-downtown-atl,,"[""https://www.instagram.com/aviatorcoffeecompany/?hl=en""]","{""Sun"": null, ""Mon"": {""open1"": ""7:00 am"", ""close1"": ""3:00 pm""}, ""Tue"": {""open1"": ""7:00 am"", ""close1"": ""3:00 pm""}, ""Wed"": {""open1"": ""7:00 am"", ""close1"": ""3:00 pm""}, ""Thu"": {""open1"": ""7:00 am"", ""close1"": ""3:00 pm""}, ""Fri"": {""open1"": ""7:00 am"", ""close1"": ""3:00 pm""}, ""Sat"": {""open1"": ""8:00 am"", ""close1"": ""2:00 pm""}}","55 Ivan Allen Jr Blvd NW, Atlanta, GA 30308","[""welcoming"", ""bright"", ""friendly"", ""community"", ""upbeat"", ""approachable""]"
Zakia Modern Lebanese Restaurant,33.8490637,-84.3745102,zakiarestaurant,"[""lebanese"", ""mezze"", ""chargrilled"", ""seafood"", ""meats"", ""pita"", ""middleeastern"", ""sharing"", ""cocktails"", ""privateevents""]","[""lunch"", ""dinner""]","[""midday"", ""evening""]",1,$$$,1,img/venues/zakia-modern-lebanese-restaurant-atl.jpg,atl,zakia-modern-lebanese-restaurant-atl,,"[""https://www.instagram.com/zakiarestaurant/?hl=en""]","{""Sun"": {""open1"": ""5:00 pm"", ""close1"": ""9:00 pm""}, ""Mon"": {""open1"": ""11:30 am"", ""close1"": ""9:30 pm""}, ""Tue"": {""open1"": ""11:30 am"", ""close1"": ""9:30 pm""}, ""Wed"": {""open1"": ""11:30 am"", ""close1"": ""9:30 pm""}, ""Thu"": {""open1"": ""11:30 am"", ""close1"": ""9:30 pm""}, ""Fri"": {""open1"": ""11:30 am"", ""close1"": ""10:30 pm""}, ""Sat"": {""open1"": ""5:00 pm"", ""close1"": ""10:30 pm""}}","3699 Lenox Rd NE Ste 3, Atlanta, GA 30305","[""airy"", ""elegant"", ""bright"", ""polished"", ""mediterranean"", ""contemporary""]"
St. Cecilia,33.851104,-84.3610988,stceciliaatl,"[""pasta"", ""crudo"", ""seafood"", ""bronzino"", ""octopus"", ""burrata"", ""charcuterie"", ""cocktails"", ""wine"", ""desserts""]","[""lunch"", ""dinner""]","[""midday"", ""evening""]",1,$$$$,1,img/venues/st-cecilia-atl.jpg,atl,st-cecilia-atl,,"[""https://www.instagram.com/stceciliaatl/?hl=en""]","{""Sun"": {""open1"": ""5:00 pm"", ""close1"": ""9:00 pm""}, ""Mon"": {""open1"": ""11:30 am"", ""close1"": ""10:00 pm""}, ""Tue"": {""open1"": ""11:30 am"", ""close1"": ""10:00 pm""}, ""Wed"": {""open1"": ""11:30 am"", ""close1"": ""10:00 pm""}, ""Thu"": {""open1"": ""11:30 am"", ""close1"": ""10:00 pm""}, ""Fri"": {""open1"": ""11:30 am"", ""close1"": ""11:00 pm""}, ""Sat"": {""open1"": ""5:00 pm"", ""close1"": ""11:00 pm""}}","3455 Peachtree Rd NE, Atlanta, GA 30326","[""airy"", ""grand"", ""elegant"", ""coastal"", ""tactile"", ""sophisticated""]"
Gio’s Italian,33.7850219,-84.4058493,gios.italian,"[""italian"", ""chicken"", ""spaghetti"", ""meatballs"", ""parmigiana"", ""panini"", ""mozzarella"", ""marinara"", ""caprese"", ""peppers""]","[""lunch"", ""dinner""]","[""midday"", ""evening""]",1,$$,1,img/venues/gios-italian-atl.jpg,atl,gios-italian-atl,,"[""https://www.instagram.com/gios.italian/?hl=en""]","{""Sun"": {""open1"": ""12:00 pm"", ""close1"": ""9:00 pm""}, ""Mon"": {""open1"": ""4:30 pm"", ""close1"": ""10:00 pm""}, ""Tue"": {""open1"": ""11:30 am"", ""close1"": ""10:00 pm""}, ""Wed"": {""open1"": ""11:30 am"", ""close1"": ""10:00 pm""}, ""Thu"": {""open1"": ""11:30 am"", ""close1"": ""10:00 pm""}, ""Fri"": {""open1"": ""11:30 am"", ""close1"": ""10:00 pm""}, ""Sat"": {""open1"": ""11:30 am"", ""close1"": ""10:00 pm""}}","1099 Hemphill Ave NW, Atlanta, GA 30318","[""rustic"", ""hearty"", ""casual"", ""warm"", ""familial"", ""nostalgic""]"
Condesa Coffee O4W,33.7597492,-84.371829,condesacoffee,"[""espresso"", ""pourover"", ""cortado"", ""matcha"", ""chai"", ""pastries"", ""smoothies"", ""bagels"", ""sandwiches"", ""syrups""]","[""coffee""]","[""morning"", ""midday""]",1,$,1,img/venues/condesa-coffee-atl2.jpg,atl,condesa-coffee-atl2,,"[""https://www.instagram.com/condesacoffee/?hl=en""]","{""Sun"": {""open1"": ""8:00 am"", ""close1"": ""4:00 pm""}, ""Mon"": {""open1"": ""7:00 am"", ""close1"": ""4:00 pm""}, ""Tue"": {""open1"": ""7:00 am"", ""close1"": ""4:00 pm""}, ""Wed"": {""open1"": ""7:00 am"", ""close1"": ""4:00 pm""}, ""Thu"": {""open1"": ""7:00 am"", ""close1"": ""4:00 pm""}, ""Fri"": {""open1"": ""7:00 am"", ""close1"": ""4:00 pm""}, ""Sat"": {""open1"": ""8:00 am"", ""close1"": ""4:00 pm""}}","480 John Wesley Dobbs Ave NE Unit 100, Atlanta, GA 30312","[""friendly"", ""thoughtful"", ""relaxed"", ""community"", ""bright"", ""neighborhood""]"
San Francisco Coffee Roasting Company,33.7873373,-84.355499,sanfrancoffee,"[""roasting"", ""beans"", ""espresso"", ""specialtydrinks"", ""pastries"", ""bakedgoods"", ""subscriptions"", ""brewing"", ""breakfast"", ""icedcoffee""]","[""coffee""]","[""morning"", ""midday""]",1,$,1,img/venues/san-francisco-coffee-roasting-company-atl.jpg,atl,san-francisco-coffee-roasting-company-atl,,"[""https://www.instagram.com/sanfrancoffee/?hl=en""]","{""Sun"": {""open1"": ""8:00 am"", ""close1"": ""5:00 pm""}, ""Mon"": {""open1"": ""7:00 am"", ""close1"": ""5:00 pm""}, ""Tue"": {""open1"": ""7:00 am"", ""close1"": ""5:00 pm""}, ""Wed"": {""open1"": ""7:00 am"", ""close1"": ""5:00 pm""}, ""Thu"": {""open1"": ""7:00 am"", ""close1"": ""5:00 pm""}, ""Fri"": {""open1"": ""7:00 am"", ""close1"": ""5:00 pm""}, ""Sat"": {""open1"": ""8:00 am"", ""close1"": ""5:00 pm""}}","1192 N Highland Ave NE, Atlanta, GA 30306","[""cozy"", ""warm"", ""neighborhood"", ""friendly"", ""established"", ""casual""]"
Refuge Coffee Co. Decatur (Lulah Hills),33.8107383,-84.2760101,refugecoffeeco,"[""espresso"", ""cortado"", ""cappuccino"", ""matcha"", ""chai"", ""coldbrew"", ""tea"", ""smoothies"", ""beans"", ""jobtraining""]","[""coffee""]","[""morning"", ""midday""]",1,$,1,img/venues/refuge-coffee-co-decatur-lulah-hills-atl.jpg,atl,refuge-coffee-co-decatur-lulah-hills-atl,,"[""https://www.instagram.com/refugecoffeeco/""]","{""Sun"": {""open1"": ""7:00 am"", ""close1"": ""5:00 pm""}, ""Mon"": {""open1"": ""6:00 am"", ""close1"": ""5:00 pm""}, ""Tue"": {""open1"": ""6:00 am"", ""close1"": ""5:00 pm""}, ""Wed"": {""open1"": ""6:00 am"", ""close1"": ""5:00 pm""}, ""Thu"": {""open1"": ""6:00 am"", ""close1"": ""5:00 pm""}, ""Fri"": {""open1"": ""6:00 am"", ""close1"": ""5:00 pm""}, ""Sat"": {""open1"": ""7:00 am"", ""close1"": ""5:00 pm""}}","3861 N Druid Hills Rd, Decatur, GA 30033","[""welcoming"", ""inclusive"", ""communal"", ""uplifting"", ""purposeful"", ""multicultural""]"
Mister O1 Extraordinary Pizza Inman Park,33.7623174,-84.3587589,mistero1pizza,"[""pizza"", ""dough"", ""mozzarella"", ""burrata"", ""prosciutto"", ""salads"", ""calzones"", ""italian"", ""starpizza"", ""takeout""]","[""lunch"", ""dinner""]","[""midday"", ""afternoon"", ""evening""]",1,$$,1,img/venues/mister-o1-extraordinary-pizza-inman-park-atl.jpg,atl,mister-o1-extraordinary-pizza-inman-park-atl,,"[""https://www.instagram.com/mistero1pizza/""]","{""Sun"": {""open1"": ""11:30 am"", ""close1"": ""9:30 pm""}, ""Mon"": {""open1"": ""11:30 am"", ""close1"": ""9:30 pm""}, ""Tue"": {""open1"": ""11:30 am"", ""close1"": ""9:30 pm""}, ""Wed"": {""open1"": ""11:30 am"", ""close1"": ""9:30 pm""}, ""Thu"": {""open1"": ""11:30 am"", ""close1"": ""9:30 pm""}, ""Fri"": {""open1"": ""11:30 am"", ""close1"": ""11:00 pm""}, ""Sat"": {""open1"": ""11:30 am"", ""close1"": ""11:00 pm""}}","299 N Highland Ave NE Unit S, Atlanta, GA 30307","[""playful"", ""modern"", ""casual"", ""energetic"", ""creative"", ""approachable""]"
Amistad Coffee,33.7892878,-84.3882075,amistadcoffeeco,"[""espresso"", ""lattes"", ""coffee"", ""tea"", ""pastries"", ""meetings"", ""bookclubs"", ""gatherings"", ""wifi"", ""events""]","[""coffee""]","[""morning"", ""midday""]",1,$,1,img/venues/amistad-coffee-atl.jpg,atl,amistad-coffee-atl,,"[""https://www.instagram.com/amistadcoffeeco/?hl=en""]","{""Sun"": {""open1"": ""7:00 am"", ""close1"": ""2:00 pm""}, ""Mon"": null, ""Tue"": {""open1"": ""7:00 am"", ""close1"": ""2:00 pm""}, ""Wed"": {""open1"": ""7:00 am"", ""close1"": ""2:00 pm""}, ""Thu"": {""open1"": ""7:00 am"", ""close1"": ""2:00 pm""}, ""Fri"": {""open1"": ""7:00 am"", ""close1"": ""2:00 pm""}, ""Sat"": {""open1"": ""7:00 am"", ""close1"": ""2:00 pm""}}","1270 W Peachtree St NW, Atlanta, GA 30309","[""welcoming"", ""community"", ""relaxed"", ""social"", ""independent"", ""inclusive""]"
Fred's Meat & Bread,33.7568416,-84.3639288,fredsmeatbread,"[""cheesesteaks"", ""burgers"", ""sandwiches"", ""fries"", ""banhmi"", ""poboys"", ""grinders"", ""pimento"", ""sodas"", ""takeaway""]","[""lunch""]","[""midday"", ""afternoon""]",1,$$,1,img/venues/freds-meat-bread-atl.jpg,atl,freds-meat-bread-atl,,"[""https://www.instagram.com/fredsmeatbread/?hl=en""]","{""Sun"": {""open1"": ""11:30 am"", ""close1"": ""8:30 pm""}, ""Mon"": {""open1"": ""11:30 am"", ""close1"": ""8:30 pm""}, ""Tue"": {""open1"": ""11:30 am"", ""close1"": ""8:30 pm""}, ""Wed"": {""open1"": ""11:30 am"", ""close1"": ""8:30 pm""}, ""Thu"": {""open1"": ""11:30 am"", ""close1"": ""8:30 pm""}, ""Fri"": {""open1"": ""11:30 am"", ""close1"": ""9:30 pm""}, ""Sat"": {""open1"": ""11:30 am"", ""close1"": ""9:30 pm""}}","Krog Street Market, 99 Krog St NE, Atlanta, GA 30307","[""indulgent"", ""casual"", ""bustling"", ""unfussy"", ""hearty"", ""energetic""]"
Spina Pizza,33.745844,-84.3602301,spinapizza,"[""pizza"", ""dough"", ""mozzarella"", ""tomatoes"", ""toppings"", ""slices"", ""cocktails"", ""beer"", ""wine"", ""sharing""]","[""dinner""]","[""evening""]",1,$$,1,img/venues/spina-pizza-atl.jpg,atl,spina-pizza-atl,,"[""https://www.instagram.com/spinapizza/?hl=en""]","{""Sun"": {""open1"": ""4:00 pm"", ""close1"": ""10:00 pm""}, ""Mon"": null, ""Tue"": {""open1"": ""4:00 pm"", ""close1"": ""10:00 pm""}, ""Wed"": {""open1"": ""4:00 pm"", ""close1"": ""10:00 pm""}, ""Thu"": {""open1"": ""4:00 pm"", ""close1"": ""10:00 pm""}, ""Fri"": {""open1"": ""4:00 pm"", ""close1"": ""10:00 pm""}, ""Sat"": {""open1"": ""4:00 pm"", ""close1"": ""10:00 pm""}}","777 Memorial Dr SE Suite B102, Atlanta, GA 30316","[""lively"", ""contemporary"", ""casual"", ""social"", ""youthful"", ""energetic""]"